formal_factor,n,media,mediana,sd,p25,p75
Informal,7015,457434.43007840344,400000,422691.60318269854,200000,600000
Formal,9236,1074967.473256821,900000,916431.3866205539,650000,1200000
