formal_factor,n,media,mediana,sd,p25,p75
Informal,6928,428933.24581408774,400000,300291.9629928998,200000,600000
Formal,8358,881056.3870543193,850000,378485.85966816405,600000,1100000
