estadistico_t,gl,p_value,media_log_informal,media_log_formal
-76.22988714888498,11400.696683990825,0,12.688135969766588,13.573692994305834
